id	formula_id	formula	n_MIm+n_MImH	n_MIm	n_MImH	n_MeOH	CN	charge	geometry	isomerid	msmiles
1	1	1Zn_0MIm_0MImH_4MeOH	0	0	0	4	4	2	4_tetrahedral	1	[Zn+2]|C[OH:1]|C[OH:2]|C[OH:3]|C[OH:4]|4_tetrahedral
2	2	1Zn_0MIm_0MImH_5MeOH	0	0	0	5	5	2	5_square_pyramidal	1	[Zn+2]|C[OH:1]|C[OH:2]|C[OH:3]|C[OH:4]|C[OH:5]|5_square_pyramidal
3	2	1Zn_0MIm_0MImH_5MeOH	0	0	0	5	5	2	5_trigonal_bipyramidal	2	[Zn+2]|C[OH:1]|C[OH:2]|C[OH:3]|C[OH:4]|C[OH:5]|5_trigonal_bipyramidal
4	3	1Zn_0MIm_0MImH_6MeOH	0	0	0	6	6	2	6_octahedral	1	[Zn+2]|C[OH:1]|C[OH:2]|C[OH:3]|C[OH:4]|C[OH:5]|C[OH:6]|6_octahedral
5	4	1Zn_0MIm_1MImH_3MeOH	1	0	1	3	4	2	4_tetrahedral	1	[Zn+2]|Cc1[n:1]cc[nH]1|C[OH:2]|C[OH:3]|C[OH:4]|4_tetrahedral
6	5	1Zn_0MIm_1MImH_4MeOH	1	0	1	4	5	2	5_square_pyramidal	1	[Zn+2]|Cc1[n:1]cc[nH]1|C[OH:2]|C[OH:3]|C[OH:4]|C[OH:5]|5_square_pyramidal
7	5	1Zn_0MIm_1MImH_4MeOH	1	0	1	4	5	2	5_square_pyramidal	2	[Zn+2]|C[OH:1]|C[OH:2]|C[OH:3]|C[OH:4]|Cc1[n:5]cc[nH]1|5_square_pyramidal
8	5	1Zn_0MIm_1MImH_4MeOH	1	0	1	4	5	2	5_trigonal_bipyramidal	3	[Zn+2]|Cc1[n:1]cc[nH]1|C[OH:2]|C[OH:3]|C[OH:4]|C[OH:5]|5_trigonal_bipyramidal
9	5	1Zn_0MIm_1MImH_4MeOH	1	0	1	4	5	2	5_trigonal_bipyramidal	4	[Zn+2]|C[OH:1]|C[OH:2]|Cc1[n:3]cc[nH]1|C[OH:4]|C[OH:5]|5_trigonal_bipyramidal
10	6	1Zn_0MIm_1MImH_5MeOH	1	0	1	5	6	2	6_octahedral	1	[Zn+2]|Cc1[n:1]cc[nH]1|C[OH:2]|C[OH:3]|C[OH:4]|C[OH:5]|C[OH:6]|6_octahedral
11	7	1Zn_1MIm_0MImH_3MeOH	1	1	0	3	4	1	4_tetrahedral	1	[Zn+2]|Cc1ncc[n-:1]1|C[OH:2]|C[OH:3]|C[OH:4]|4_tetrahedral
12	8	1Zn_1MIm_0MImH_4MeOH	1	1	0	4	5	1	5_square_pyramidal	1	[Zn+2]|Cc1ncc[n-:1]1|C[OH:2]|C[OH:3]|C[OH:4]|C[OH:5]|5_square_pyramidal
13	8	1Zn_1MIm_0MImH_4MeOH	1	1	0	4	5	1	5_square_pyramidal	2	[Zn+2]|C[OH:1]|C[OH:2]|C[OH:3]|C[OH:4]|Cc1ncc[n-:5]1|5_square_pyramidal
14	8	1Zn_1MIm_0MImH_4MeOH	1	1	0	4	5	1	5_trigonal_bipyramidal	3	[Zn+2]|Cc1ncc[n-:1]1|C[OH:2]|C[OH:3]|C[OH:4]|C[OH:5]|5_trigonal_bipyramidal
15	8	1Zn_1MIm_0MImH_4MeOH	1	1	0	4	5	1	5_trigonal_bipyramidal	4	[Zn+2]|C[OH:1]|C[OH:2]|Cc1ncc[n-:3]1|C[OH:4]|C[OH:5]|5_trigonal_bipyramidal
16	9	1Zn_1MIm_0MImH_5MeOH	1	1	0	5	6	1	6_octahedral	1	[Zn+2]|Cc1ncc[n-:1]1|C[OH:2]|C[OH:3]|C[OH:4]|C[OH:5]|C[OH:6]|6_octahedral
17	10	1Zn_0MIm_2MImH_2MeOH	2	0	2	2	4	2	4_tetrahedral	1	[Zn+2]|Cc1[n:1]cc[nH]1|Cc1[n:2]cc[nH]1|C[OH:3]|C[OH:4]|4_tetrahedral
18	11	1Zn_0MIm_2MImH_3MeOH	2	0	2	3	5	2	5_square_pyramidal	1	[Zn+2]|Cc1[n:1]cc[nH]1|Cc1[n:2]cc[nH]1|C[OH:3]|C[OH:4]|C[OH:5]|5_square_pyramidal
19	11	1Zn_0MIm_2MImH_3MeOH	2	0	2	3	5	2	5_square_pyramidal	2	[Zn+2]|Cc1[n:1]cc[nH]1|C[OH:2]|Cc1[n:3]cc[nH]1|C[OH:4]|C[OH:5]|5_square_pyramidal
20	11	1Zn_0MIm_2MImH_3MeOH	2	0	2	3	5	2	5_square_pyramidal	3	[Zn+2]|Cc1[n:1]cc[nH]1|C[OH:2]|C[OH:3]|C[OH:4]|Cc1[n:5]cc[nH]1|5_square_pyramidal
21	11	1Zn_0MIm_2MImH_3MeOH	2	0	2	3	5	2	5_trigonal_bipyramidal	4	[Zn+2]|Cc1[n:1]cc[nH]1|Cc1[n:2]cc[nH]1|C[OH:3]|C[OH:4]|C[OH:5]|5_trigonal_bipyramidal
22	11	1Zn_0MIm_2MImH_3MeOH	2	0	2	3	5	2	5_trigonal_bipyramidal	5	[Zn+2]|Cc1[n:1]cc[nH]1|C[OH:2]|Cc1[n:3]cc[nH]1|C[OH:4]|C[OH:5]|5_trigonal_bipyramidal
23	11	1Zn_0MIm_2MImH_3MeOH	2	0	2	3	5	2	5_trigonal_bipyramidal	6	[Zn+2]|C[OH:1]|C[OH:2]|Cc1[n:3]cc[nH]1|Cc1[n:4]cc[nH]1|C[OH:5]|5_trigonal_bipyramidal
24	12	1Zn_0MIm_2MImH_4MeOH	2	0	2	4	6	2	6_octahedral	1	[Zn+2]|Cc1[n:1]cc[nH]1|Cc1[n:2]cc[nH]1|C[OH:3]|C[OH:4]|C[OH:5]|C[OH:6]|6_octahedral
25	12	1Zn_0MIm_2MImH_4MeOH	2	0	2	4	6	2	6_octahedral	2	[Zn+2]|Cc1[n:1]cc[nH]1|C[OH:2]|Cc1[n:3]cc[nH]1|C[OH:4]|C[OH:5]|C[OH:6]|6_octahedral
26	13	1Zn_1MIm_1MImH_2MeOH	2	1	1	2	4	1	4_tetrahedral	1	[Zn+2]|Cc1ncc[n-:1]1|Cc1[n:2]cc[nH]1|C[OH:3]|C[OH:4]|4_tetrahedral
27	14	1Zn_1MIm_1MImH_3MeOH	2	1	1	3	5	1	5_square_pyramidal	1	[Zn+2]|Cc1ncc[n-:1]1|Cc1[n:2]cc[nH]1|C[OH:3]|C[OH:4]|C[OH:5]|5_square_pyramidal
28	14	1Zn_1MIm_1MImH_3MeOH	2	1	1	3	5	1	5_square_pyramidal	2	[Zn+2]|Cc1ncc[n-:1]1|C[OH:2]|Cc1[n:3]cc[nH]1|C[OH:4]|C[OH:5]|5_square_pyramidal
29	14	1Zn_1MIm_1MImH_3MeOH	2	1	1	3	5	1	5_square_pyramidal	3	[Zn+2]|Cc1ncc[n-:1]1|C[OH:2]|C[OH:3]|C[OH:4]|Cc1[n:5]cc[nH]1|5_square_pyramidal
30	14	1Zn_1MIm_1MImH_3MeOH	2	1	1	3	5	1	5_square_pyramidal	4	[Zn+2]|Cc1[n:1]cc[nH]1|C[OH:2]|C[OH:3]|C[OH:4]|Cc1ncc[n-:5]1|5_square_pyramidal
31	14	1Zn_1MIm_1MImH_3MeOH	2	1	1	3	5	1	5_trigonal_bipyramidal	5	[Zn+2]|Cc1ncc[n-:1]1|Cc1[n:2]cc[nH]1|C[OH:3]|C[OH:4]|C[OH:5]|5_trigonal_bipyramidal
32	14	1Zn_1MIm_1MImH_3MeOH	2	1	1	3	5	1	5_trigonal_bipyramidal	6	[Zn+2]|Cc1ncc[n-:1]1|C[OH:2]|Cc1[n:3]cc[nH]1|C[OH:4]|C[OH:5]|5_trigonal_bipyramidal
33	14	1Zn_1MIm_1MImH_3MeOH	2	1	1	3	5	1	5_trigonal_bipyramidal	7	[Zn+2]|Cc1[n:1]cc[nH]1|C[OH:2]|Cc1ncc[n-:3]1|C[OH:4]|C[OH:5]|5_trigonal_bipyramidal
34	14	1Zn_1MIm_1MImH_3MeOH	2	1	1	3	5	1	5_trigonal_bipyramidal	8	[Zn+2]|C[OH:1]|C[OH:2]|Cc1ncc[n-:3]1|Cc1[n:4]cc[nH]1|C[OH:5]|5_trigonal_bipyramidal
35	15	1Zn_1MIm_1MImH_4MeOH	2	1	1	4	6	1	6_octahedral	1	[Zn+2]|Cc1ncc[n-:1]1|Cc1[n:2]cc[nH]1|C[OH:3]|C[OH:4]|C[OH:5]|C[OH:6]|6_octahedral
36	15	1Zn_1MIm_1MImH_4MeOH	2	1	1	4	6	1	6_octahedral	2	[Zn+2]|Cc1ncc[n-:1]1|C[OH:2]|Cc1[n:3]cc[nH]1|C[OH:4]|C[OH:5]|C[OH:6]|6_octahedral
37	16	1Zn_2MIm_0MImH_2MeOH	2	2	0	2	4	0	4_tetrahedral	1	[Zn+2]|Cc1ncc[n-:1]1|Cc1ncc[n-:2]1|C[OH:3]|C[OH:4]|4_tetrahedral
38	17	1Zn_2MIm_0MImH_3MeOH	2	2	0	3	5	0	5_square_pyramidal	1	[Zn+2]|Cc1ncc[n-:1]1|Cc1ncc[n-:2]1|C[OH:3]|C[OH:4]|C[OH:5]|5_square_pyramidal
39	17	1Zn_2MIm_0MImH_3MeOH	2	2	0	3	5	0	5_square_pyramidal	2	[Zn+2]|Cc1ncc[n-:1]1|C[OH:2]|Cc1ncc[n-:3]1|C[OH:4]|C[OH:5]|5_square_pyramidal
40	17	1Zn_2MIm_0MImH_3MeOH	2	2	0	3	5	0	5_square_pyramidal	3	[Zn+2]|Cc1ncc[n-:1]1|C[OH:2]|C[OH:3]|C[OH:4]|Cc1ncc[n-:5]1|5_square_pyramidal
41	17	1Zn_2MIm_0MImH_3MeOH	2	2	0	3	5	0	5_trigonal_bipyramidal	4	[Zn+2]|Cc1ncc[n-:1]1|Cc1ncc[n-:2]1|C[OH:3]|C[OH:4]|C[OH:5]|5_trigonal_bipyramidal
42	17	1Zn_2MIm_0MImH_3MeOH	2	2	0	3	5	0	5_trigonal_bipyramidal	5	[Zn+2]|Cc1ncc[n-:1]1|C[OH:2]|Cc1ncc[n-:3]1|C[OH:4]|C[OH:5]|5_trigonal_bipyramidal
43	17	1Zn_2MIm_0MImH_3MeOH	2	2	0	3	5	0	5_trigonal_bipyramidal	6	[Zn+2]|C[OH:1]|C[OH:2]|Cc1ncc[n-:3]1|Cc1ncc[n-:4]1|C[OH:5]|5_trigonal_bipyramidal
44	18	1Zn_2MIm_0MImH_4MeOH	2	2	0	4	6	0	6_octahedral	1	[Zn+2]|Cc1ncc[n-:1]1|Cc1ncc[n-:2]1|C[OH:3]|C[OH:4]|C[OH:5]|C[OH:6]|6_octahedral
45	18	1Zn_2MIm_0MImH_4MeOH	2	2	0	4	6	0	6_octahedral	2	[Zn+2]|Cc1ncc[n-:1]1|C[OH:2]|Cc1ncc[n-:3]1|C[OH:4]|C[OH:5]|C[OH:6]|6_octahedral
46	19	1Zn_0MIm_3MImH_1MeOH	3	0	3	1	4	2	4_tetrahedral	1	[Zn+2]|Cc1[n:1]cc[nH]1|Cc1[n:2]cc[nH]1|Cc1[n:3]cc[nH]1|C[OH:4]|4_tetrahedral
47	20	1Zn_0MIm_3MImH_2MeOH	3	0	3	2	5	2	5_square_pyramidal	1	[Zn+2]|Cc1[n:1]cc[nH]1|Cc1[n:2]cc[nH]1|Cc1[n:3]cc[nH]1|C[OH:4]|C[OH:5]|5_square_pyramidal
48	20	1Zn_0MIm_3MImH_2MeOH	3	0	3	2	5	2	5_square_pyramidal	2	[Zn+2]|Cc1[n:1]cc[nH]1|Cc1[n:2]cc[nH]1|C[OH:3]|C[OH:4]|Cc1[n:5]cc[nH]1|5_square_pyramidal
49	20	1Zn_0MIm_3MImH_2MeOH	3	0	3	2	5	2	5_square_pyramidal	3	[Zn+2]|Cc1[n:1]cc[nH]1|C[OH:2]|Cc1[n:3]cc[nH]1|C[OH:4]|Cc1[n:5]cc[nH]1|5_square_pyramidal
50	20	1Zn_0MIm_3MImH_2MeOH	3	0	3	2	5	2	5_trigonal_bipyramidal	4	[Zn+2]|Cc1[n:1]cc[nH]1|Cc1[n:2]cc[nH]1|Cc1[n:3]cc[nH]1|C[OH:4]|C[OH:5]|5_trigonal_bipyramidal
51	20	1Zn_0MIm_3MImH_2MeOH	3	0	3	2	5	2	5_trigonal_bipyramidal	5	[Zn+2]|Cc1[n:1]cc[nH]1|C[OH:2]|Cc1[n:3]cc[nH]1|Cc1[n:4]cc[nH]1|C[OH:5]|5_trigonal_bipyramidal
52	20	1Zn_0MIm_3MImH_2MeOH	3	0	3	2	5	2	5_trigonal_bipyramidal	6	[Zn+2]|C[OH:1]|C[OH:2]|Cc1[n:3]cc[nH]1|Cc1[n:4]cc[nH]1|Cc1[n:5]cc[nH]1|5_trigonal_bipyramidal
53	21	1Zn_0MIm_3MImH_3MeOH	3	0	3	3	6	2	6_octahedral	1	[Zn+2]|Cc1[n:1]cc[nH]1|Cc1[n:2]cc[nH]1|Cc1[n:3]cc[nH]1|C[OH:4]|C[OH:5]|C[OH:6]|6_octahedral
54	21	1Zn_0MIm_3MImH_3MeOH	3	0	3	3	6	2	6_octahedral	2	[Zn+2]|Cc1[n:1]cc[nH]1|C[OH:2]|Cc1[n:3]cc[nH]1|C[OH:4]|Cc1[n:5]cc[nH]1|C[OH:6]|6_octahedral
55	22	1Zn_1MIm_2MImH_1MeOH	3	1	2	1	4	1	4_tetrahedral	1	[Zn+2]|Cc1ncc[n-:1]1|Cc1[n:2]cc[nH]1|Cc1[n:3]cc[nH]1|C[OH:4]|4_tetrahedral
56	23	1Zn_1MIm_2MImH_2MeOH	3	1	2	2	5	1	5_square_pyramidal	1	[Zn+2]|Cc1ncc[n-:1]1|Cc1[n:2]cc[nH]1|Cc1[n:3]cc[nH]1|C[OH:4]|C[OH:5]|5_square_pyramidal
57	23	1Zn_1MIm_2MImH_2MeOH	3	1	2	2	5	1	5_square_pyramidal	2	[Zn+2]|Cc1ncc[n-:1]1|Cc1[n:2]cc[nH]1|C[OH:3]|C[OH:4]|Cc1[n:5]cc[nH]1|5_square_pyramidal
58	23	1Zn_1MIm_2MImH_2MeOH	3	1	2	2	5	1	5_square_pyramidal	3	[Zn+2]|Cc1ncc[n-:1]1|C[OH:2]|Cc1[n:3]cc[nH]1|Cc1[n:4]cc[nH]1|C[OH:5]|5_square_pyramidal
59	23	1Zn_1MIm_2MImH_2MeOH	3	1	2	2	5	1	5_square_pyramidal	4	[Zn+2]|Cc1ncc[n-:1]1|C[OH:2]|Cc1[n:3]cc[nH]1|C[OH:4]|Cc1[n:5]cc[nH]1|5_square_pyramidal
60	23	1Zn_1MIm_2MImH_2MeOH	3	1	2	2	5	1	5_square_pyramidal	5	[Zn+2]|Cc1[n:1]cc[nH]1|Cc1[n:2]cc[nH]1|C[OH:3]|C[OH:4]|Cc1ncc[n-:5]1|5_square_pyramidal
61	23	1Zn_1MIm_2MImH_2MeOH	3	1	2	2	5	1	5_square_pyramidal	6	[Zn+2]|Cc1[n:1]cc[nH]1|C[OH:2]|Cc1[n:3]cc[nH]1|C[OH:4]|Cc1ncc[n-:5]1|5_square_pyramidal
62	23	1Zn_1MIm_2MImH_2MeOH	3	1	2	2	5	1	5_trigonal_bipyramidal	7	[Zn+2]|Cc1ncc[n-:1]1|Cc1[n:2]cc[nH]1|Cc1[n:3]cc[nH]1|C[OH:4]|C[OH:5]|5_trigonal_bipyramidal
63	23	1Zn_1MIm_2MImH_2MeOH	3	1	2	2	5	1	5_trigonal_bipyramidal	8	[Zn+2]|Cc1ncc[n-:1]1|C[OH:2]|Cc1[n:3]cc[nH]1|Cc1[n:4]cc[nH]1|C[OH:5]|5_trigonal_bipyramidal
64	23	1Zn_1MIm_2MImH_2MeOH	3	1	2	2	5	1	5_trigonal_bipyramidal	9	[Zn+2]|Cc1[n:1]cc[nH]1|Cc1[n:2]cc[nH]1|Cc1ncc[n-:3]1|C[OH:4]|C[OH:5]|5_trigonal_bipyramidal
65	23	1Zn_1MIm_2MImH_2MeOH	3	1	2	2	5	1	5_trigonal_bipyramidal	10	[Zn+2]|Cc1[n:1]cc[nH]1|C[OH:2]|Cc1ncc[n-:3]1|Cc1[n:4]cc[nH]1|C[OH:5]|5_trigonal_bipyramidal
66	23	1Zn_1MIm_2MImH_2MeOH	3	1	2	2	5	1	5_trigonal_bipyramidal	11	[Zn+2]|C[OH:1]|C[OH:2]|Cc1ncc[n-:3]1|Cc1[n:4]cc[nH]1|Cc1[n:5]cc[nH]1|5_trigonal_bipyramidal
67	24	1Zn_1MIm_2MImH_3MeOH	3	1	2	3	6	1	6_octahedral	1	[Zn+2]|Cc1ncc[n-:1]1|Cc1[n:2]cc[nH]1|Cc1[n:3]cc[nH]1|C[OH:4]|C[OH:5]|C[OH:6]|6_octahedral
68	24	1Zn_1MIm_2MImH_3MeOH	3	1	2	3	6	1	6_octahedral	2	[Zn+2]|Cc1ncc[n-:1]1|C[OH:2]|Cc1[n:3]cc[nH]1|Cc1[n:4]cc[nH]1|C[OH:5]|C[OH:6]|6_octahedral
69	24	1Zn_1MIm_2MImH_3MeOH	3	1	2	3	6	1	6_octahedral	3	[Zn+2]|Cc1ncc[n-:1]1|C[OH:2]|Cc1[n:3]cc[nH]1|C[OH:4]|Cc1[n:5]cc[nH]1|C[OH:6]|6_octahedral
70	25	1Zn_2MIm_1MImH_1MeOH	3	2	1	1	4	0	4_tetrahedral	1	[Zn+2]|Cc1ncc[n-:1]1|Cc1ncc[n-:2]1|Cc1[n:3]cc[nH]1|C[OH:4]|4_tetrahedral
71	26	1Zn_2MIm_1MImH_2MeOH	3	2	1	2	5	0	5_square_pyramidal	1	[Zn+2]|Cc1ncc[n-:1]1|Cc1ncc[n-:2]1|Cc1[n:3]cc[nH]1|C[OH:4]|C[OH:5]|5_square_pyramidal
72	26	1Zn_2MIm_1MImH_2MeOH	3	2	1	2	5	0	5_square_pyramidal	2	[Zn+2]|Cc1ncc[n-:1]1|Cc1ncc[n-:2]1|C[OH:3]|C[OH:4]|Cc1[n:5]cc[nH]1|5_square_pyramidal
73	26	1Zn_2MIm_1MImH_2MeOH	3	2	1	2	5	0	5_square_pyramidal	3	[Zn+2]|Cc1ncc[n-:1]1|Cc1[n:2]cc[nH]1|Cc1ncc[n-:3]1|C[OH:4]|C[OH:5]|5_square_pyramidal
74	26	1Zn_2MIm_1MImH_2MeOH	3	2	1	2	5	0	5_square_pyramidal	4	[Zn+2]|Cc1ncc[n-:1]1|Cc1[n:2]cc[nH]1|C[OH:3]|C[OH:4]|Cc1ncc[n-:5]1|5_square_pyramidal
75	26	1Zn_2MIm_1MImH_2MeOH	3	2	1	2	5	0	5_square_pyramidal	5	[Zn+2]|Cc1ncc[n-:1]1|C[OH:2]|Cc1ncc[n-:3]1|C[OH:4]|Cc1[n:5]cc[nH]1|5_square_pyramidal
76	26	1Zn_2MIm_1MImH_2MeOH	3	2	1	2	5	0	5_square_pyramidal	6	[Zn+2]|Cc1ncc[n-:1]1|C[OH:2]|Cc1[n:3]cc[nH]1|C[OH:4]|Cc1ncc[n-:5]1|5_square_pyramidal
77	26	1Zn_2MIm_1MImH_2MeOH	3	2	1	2	5	0	5_trigonal_bipyramidal	7	[Zn+2]|Cc1ncc[n-:1]1|Cc1ncc[n-:2]1|Cc1[n:3]cc[nH]1|C[OH:4]|C[OH:5]|5_trigonal_bipyramidal
78	26	1Zn_2MIm_1MImH_2MeOH	3	2	1	2	5	0	5_trigonal_bipyramidal	8	[Zn+2]|Cc1ncc[n-:1]1|Cc1[n:2]cc[nH]1|Cc1ncc[n-:3]1|C[OH:4]|C[OH:5]|5_trigonal_bipyramidal
79	26	1Zn_2MIm_1MImH_2MeOH	3	2	1	2	5	0	5_trigonal_bipyramidal	9	[Zn+2]|Cc1ncc[n-:1]1|C[OH:2]|Cc1ncc[n-:3]1|Cc1[n:4]cc[nH]1|C[OH:5]|5_trigonal_bipyramidal
80	26	1Zn_2MIm_1MImH_2MeOH	3	2	1	2	5	0	5_trigonal_bipyramidal	10	[Zn+2]|Cc1[n:1]cc[nH]1|C[OH:2]|Cc1ncc[n-:3]1|Cc1ncc[n-:4]1|C[OH:5]|5_trigonal_bipyramidal
81	26	1Zn_2MIm_1MImH_2MeOH	3	2	1	2	5	0	5_trigonal_bipyramidal	11	[Zn+2]|C[OH:1]|C[OH:2]|Cc1ncc[n-:3]1|Cc1ncc[n-:4]1|Cc1[n:5]cc[nH]1|5_trigonal_bipyramidal
82	27	1Zn_2MIm_1MImH_3MeOH	3	2	1	3	6	0	6_octahedral	1	[Zn+2]|Cc1ncc[n-:1]1|Cc1ncc[n-:2]1|Cc1[n:3]cc[nH]1|C[OH:4]|C[OH:5]|C[OH:6]|6_octahedral
83	27	1Zn_2MIm_1MImH_3MeOH	3	2	1	3	6	0	6_octahedral	2	[Zn+2]|Cc1ncc[n-:1]1|Cc1[n:2]cc[nH]1|Cc1ncc[n-:3]1|C[OH:4]|C[OH:5]|C[OH:6]|6_octahedral
84	27	1Zn_2MIm_1MImH_3MeOH	3	2	1	3	6	0	6_octahedral	3	[Zn+2]|Cc1ncc[n-:1]1|C[OH:2]|Cc1ncc[n-:3]1|C[OH:4]|Cc1[n:5]cc[nH]1|C[OH:6]|6_octahedral
85	28	1Zn_3MIm_0MImH_1MeOH	3	3	0	1	4	-1	4_tetrahedral	1	[Zn+2]|Cc1ncc[n-:1]1|Cc1ncc[n-:2]1|Cc1ncc[n-:3]1|C[OH:4]|4_tetrahedral
86	29	1Zn_3MIm_0MImH_2MeOH	3	3	0	2	5	-1	5_square_pyramidal	1	[Zn+2]|Cc1ncc[n-:1]1|Cc1ncc[n-:2]1|Cc1ncc[n-:3]1|C[OH:4]|C[OH:5]|5_square_pyramidal
87	29	1Zn_3MIm_0MImH_2MeOH	3	3	0	2	5	-1	5_square_pyramidal	2	[Zn+2]|Cc1ncc[n-:1]1|Cc1ncc[n-:2]1|C[OH:3]|C[OH:4]|Cc1ncc[n-:5]1|5_square_pyramidal
88	29	1Zn_3MIm_0MImH_2MeOH	3	3	0	2	5	-1	5_square_pyramidal	3	[Zn+2]|Cc1ncc[n-:1]1|C[OH:2]|Cc1ncc[n-:3]1|C[OH:4]|Cc1ncc[n-:5]1|5_square_pyramidal
89	29	1Zn_3MIm_0MImH_2MeOH	3	3	0	2	5	-1	5_trigonal_bipyramidal	4	[Zn+2]|Cc1ncc[n-:1]1|Cc1ncc[n-:2]1|Cc1ncc[n-:3]1|C[OH:4]|C[OH:5]|5_trigonal_bipyramidal
90	29	1Zn_3MIm_0MImH_2MeOH	3	3	0	2	5	-1	5_trigonal_bipyramidal	5	[Zn+2]|Cc1ncc[n-:1]1|C[OH:2]|Cc1ncc[n-:3]1|Cc1ncc[n-:4]1|C[OH:5]|5_trigonal_bipyramidal
91	29	1Zn_3MIm_0MImH_2MeOH	3	3	0	2	5	-1	5_trigonal_bipyramidal	6	[Zn+2]|C[OH:1]|C[OH:2]|Cc1ncc[n-:3]1|Cc1ncc[n-:4]1|Cc1ncc[n-:5]1|5_trigonal_bipyramidal
92	30	1Zn_3MIm_0MImH_3MeOH	3	3	0	3	6	-1	6_octahedral	1	[Zn+2]|Cc1ncc[n-:1]1|Cc1ncc[n-:2]1|Cc1ncc[n-:3]1|C[OH:4]|C[OH:5]|C[OH:6]|6_octahedral
93	30	1Zn_3MIm_0MImH_3MeOH	3	3	0	3	6	-1	6_octahedral	2	[Zn+2]|Cc1ncc[n-:1]1|C[OH:2]|Cc1ncc[n-:3]1|C[OH:4]|Cc1ncc[n-:5]1|C[OH:6]|6_octahedral
94	31	1Zn_0MIm_4MImH_0MeOH	4	0	4	0	4	2	4_tetrahedral	1	[Zn+2]|Cc1[n:1]cc[nH]1|Cc1[n:2]cc[nH]1|Cc1[n:3]cc[nH]1|Cc1[n:4]cc[nH]1|4_tetrahedral
95	32	1Zn_0MIm_4MImH_1MeOH	4	0	4	1	5	2	5_square_pyramidal	1	[Zn+2]|Cc1[n:1]cc[nH]1|Cc1[n:2]cc[nH]1|Cc1[n:3]cc[nH]1|Cc1[n:4]cc[nH]1|C[OH:5]|5_square_pyramidal
96	32	1Zn_0MIm_4MImH_1MeOH	4	0	4	1	5	2	5_square_pyramidal	2	[Zn+2]|Cc1[n:1]cc[nH]1|Cc1[n:2]cc[nH]1|Cc1[n:3]cc[nH]1|C[OH:4]|Cc1[n:5]cc[nH]1|5_square_pyramidal
97	32	1Zn_0MIm_4MImH_1MeOH	4	0	4	1	5	2	5_trigonal_bipyramidal	3	[Zn+2]|Cc1[n:1]cc[nH]1|Cc1[n:2]cc[nH]1|Cc1[n:3]cc[nH]1|Cc1[n:4]cc[nH]1|C[OH:5]|5_trigonal_bipyramidal
98	32	1Zn_0MIm_4MImH_1MeOH	4	0	4	1	5	2	5_trigonal_bipyramidal	4	[Zn+2]|Cc1[n:1]cc[nH]1|C[OH:2]|Cc1[n:3]cc[nH]1|Cc1[n:4]cc[nH]1|Cc1[n:5]cc[nH]1|5_trigonal_bipyramidal
99	33	1Zn_0MIm_4MImH_2MeOH	4	0	4	2	6	2	6_octahedral	1	[Zn+2]|Cc1[n:1]cc[nH]1|Cc1[n:2]cc[nH]1|Cc1[n:3]cc[nH]1|Cc1[n:4]cc[nH]1|C[OH:5]|C[OH:6]|6_octahedral
100	33	1Zn_0MIm_4MImH_2MeOH	4	0	4	2	6	2	6_octahedral	2	[Zn+2]|Cc1[n:1]cc[nH]1|Cc1[n:2]cc[nH]1|Cc1[n:3]cc[nH]1|C[OH:4]|Cc1[n:5]cc[nH]1|C[OH:6]|6_octahedral
101	34	1Zn_1MIm_3MImH_0MeOH	4	1	3	0	4	1	4_tetrahedral	1	[Zn+2]|Cc1ncc[n-:1]1|Cc1[n:2]cc[nH]1|Cc1[n:3]cc[nH]1|Cc1[n:4]cc[nH]1|4_tetrahedral
102	35	1Zn_1MIm_3MImH_1MeOH	4	1	3	1	5	1	5_square_pyramidal	1	[Zn+2]|Cc1ncc[n-:1]1|Cc1[n:2]cc[nH]1|Cc1[n:3]cc[nH]1|Cc1[n:4]cc[nH]1|C[OH:5]|5_square_pyramidal
103	35	1Zn_1MIm_3MImH_1MeOH	4	1	3	1	5	1	5_square_pyramidal	2	[Zn+2]|Cc1ncc[n-:1]1|Cc1[n:2]cc[nH]1|Cc1[n:3]cc[nH]1|C[OH:4]|Cc1[n:5]cc[nH]1|5_square_pyramidal
104	35	1Zn_1MIm_3MImH_1MeOH	4	1	3	1	5	1	5_square_pyramidal	3	[Zn+2]|Cc1ncc[n-:1]1|C[OH:2]|Cc1[n:3]cc[nH]1|Cc1[n:4]cc[nH]1|Cc1[n:5]cc[nH]1|5_square_pyramidal
105	35	1Zn_1MIm_3MImH_1MeOH	4	1	3	1	5	1	5_square_pyramidal	4	[Zn+2]|Cc1[n:1]cc[nH]1|Cc1[n:2]cc[nH]1|Cc1[n:3]cc[nH]1|C[OH:4]|Cc1ncc[n-:5]1|5_square_pyramidal
106	35	1Zn_1MIm_3MImH_1MeOH	4	1	3	1	5	1	5_trigonal_bipyramidal	5	[Zn+2]|Cc1ncc[n-:1]1|Cc1[n:2]cc[nH]1|Cc1[n:3]cc[nH]1|Cc1[n:4]cc[nH]1|C[OH:5]|5_trigonal_bipyramidal
107	35	1Zn_1MIm_3MImH_1MeOH	4	1	3	1	5	1	5_trigonal_bipyramidal	6	[Zn+2]|Cc1ncc[n-:1]1|C[OH:2]|Cc1[n:3]cc[nH]1|Cc1[n:4]cc[nH]1|Cc1[n:5]cc[nH]1|5_trigonal_bipyramidal
108	35	1Zn_1MIm_3MImH_1MeOH	4	1	3	1	5	1	5_trigonal_bipyramidal	7	[Zn+2]|Cc1[n:1]cc[nH]1|Cc1[n:2]cc[nH]1|Cc1ncc[n-:3]1|Cc1[n:4]cc[nH]1|C[OH:5]|5_trigonal_bipyramidal
109	35	1Zn_1MIm_3MImH_1MeOH	4	1	3	1	5	1	5_trigonal_bipyramidal	8	[Zn+2]|Cc1[n:1]cc[nH]1|C[OH:2]|Cc1ncc[n-:3]1|Cc1[n:4]cc[nH]1|Cc1[n:5]cc[nH]1|5_trigonal_bipyramidal
110	36	1Zn_1MIm_3MImH_2MeOH	4	1	3	2	6	1	6_octahedral	1	[Zn+2]|Cc1ncc[n-:1]1|Cc1[n:2]cc[nH]1|Cc1[n:3]cc[nH]1|Cc1[n:4]cc[nH]1|C[OH:5]|C[OH:6]|6_octahedral
111	36	1Zn_1MIm_3MImH_2MeOH	4	1	3	2	6	1	6_octahedral	2	[Zn+2]|Cc1ncc[n-:1]1|Cc1[n:2]cc[nH]1|Cc1[n:3]cc[nH]1|C[OH:4]|Cc1[n:5]cc[nH]1|C[OH:6]|6_octahedral
112	36	1Zn_1MIm_3MImH_2MeOH	4	1	3	2	6	1	6_octahedral	3	[Zn+2]|Cc1ncc[n-:1]1|C[OH:2]|Cc1[n:3]cc[nH]1|Cc1[n:4]cc[nH]1|Cc1[n:5]cc[nH]1|C[OH:6]|6_octahedral
113	37	1Zn_2MIm_2MImH_0MeOH	4	2	2	0	4	0	4_tetrahedral	1	[Zn+2]|Cc1ncc[n-:1]1|Cc1ncc[n-:2]1|Cc1[n:3]cc[nH]1|Cc1[n:4]cc[nH]1|4_tetrahedral
114	38	1Zn_2MIm_2MImH_1MeOH	4	2	2	1	5	0	5_square_pyramidal	1	[Zn+2]|Cc1ncc[n-:1]1|Cc1ncc[n-:2]1|Cc1[n:3]cc[nH]1|Cc1[n:4]cc[nH]1|C[OH:5]|5_square_pyramidal
115	38	1Zn_2MIm_2MImH_1MeOH	4	2	2	1	5	0	5_square_pyramidal	2	[Zn+2]|Cc1ncc[n-:1]1|Cc1ncc[n-:2]1|Cc1[n:3]cc[nH]1|C[OH:4]|Cc1[n:5]cc[nH]1|5_square_pyramidal
116	38	1Zn_2MIm_2MImH_1MeOH	4	2	2	1	5	0	5_square_pyramidal	3	[Zn+2]|Cc1ncc[n-:1]1|Cc1[n:2]cc[nH]1|Cc1ncc[n-:3]1|Cc1[n:4]cc[nH]1|C[OH:5]|5_square_pyramidal
117	38	1Zn_2MIm_2MImH_1MeOH	4	2	2	1	5	0	5_square_pyramidal	4	[Zn+2]|Cc1ncc[n-:1]1|Cc1[n:2]cc[nH]1|Cc1ncc[n-:3]1|C[OH:4]|Cc1[n:5]cc[nH]1|5_square_pyramidal
118	38	1Zn_2MIm_2MImH_1MeOH	4	2	2	1	5	0	5_square_pyramidal	5	[Zn+2]|Cc1ncc[n-:1]1|Cc1[n:2]cc[nH]1|Cc1[n:3]cc[nH]1|C[OH:4]|Cc1ncc[n-:5]1|5_square_pyramidal
119	38	1Zn_2MIm_2MImH_1MeOH	4	2	2	1	5	0	5_square_pyramidal	6	[Zn+2]|Cc1ncc[n-:1]1|C[OH:2]|Cc1[n:3]cc[nH]1|Cc1[n:4]cc[nH]1|Cc1ncc[n-:5]1|5_square_pyramidal
120	38	1Zn_2MIm_2MImH_1MeOH	4	2	2	1	5	0	5_trigonal_bipyramidal	7	[Zn+2]|Cc1ncc[n-:1]1|Cc1ncc[n-:2]1|Cc1[n:3]cc[nH]1|Cc1[n:4]cc[nH]1|C[OH:5]|5_trigonal_bipyramidal
121	38	1Zn_2MIm_2MImH_1MeOH	4	2	2	1	5	0	5_trigonal_bipyramidal	8	[Zn+2]|Cc1ncc[n-:1]1|Cc1[n:2]cc[nH]1|Cc1ncc[n-:3]1|Cc1[n:4]cc[nH]1|C[OH:5]|5_trigonal_bipyramidal
122	38	1Zn_2MIm_2MImH_1MeOH	4	2	2	1	5	0	5_trigonal_bipyramidal	9	[Zn+2]|Cc1ncc[n-:1]1|C[OH:2]|Cc1ncc[n-:3]1|Cc1[n:4]cc[nH]1|Cc1[n:5]cc[nH]1|5_trigonal_bipyramidal
123	38	1Zn_2MIm_2MImH_1MeOH	4	2	2	1	5	0	5_trigonal_bipyramidal	10	[Zn+2]|Cc1[n:1]cc[nH]1|Cc1[n:2]cc[nH]1|Cc1ncc[n-:3]1|Cc1ncc[n-:4]1|C[OH:5]|5_trigonal_bipyramidal
124	38	1Zn_2MIm_2MImH_1MeOH	4	2	2	1	5	0	5_trigonal_bipyramidal	11	[Zn+2]|Cc1[n:1]cc[nH]1|C[OH:2]|Cc1ncc[n-:3]1|Cc1ncc[n-:4]1|Cc1[n:5]cc[nH]1|5_trigonal_bipyramidal
125	39	1Zn_2MIm_2MImH_2MeOH	4	2	2	2	6	0	6_octahedral	1	[Zn+2]|Cc1ncc[n-:1]1|Cc1ncc[n-:2]1|Cc1[n:3]cc[nH]1|Cc1[n:4]cc[nH]1|C[OH:5]|C[OH:6]|6_octahedral
126	39	1Zn_2MIm_2MImH_2MeOH	4	2	2	2	6	0	6_octahedral	2	[Zn+2]|Cc1ncc[n-:1]1|Cc1ncc[n-:2]1|Cc1[n:3]cc[nH]1|C[OH:4]|Cc1[n:5]cc[nH]1|C[OH:6]|6_octahedral
127	39	1Zn_2MIm_2MImH_2MeOH	4	2	2	2	6	0	6_octahedral	3	[Zn+2]|Cc1ncc[n-:1]1|Cc1[n:2]cc[nH]1|Cc1ncc[n-:3]1|Cc1[n:4]cc[nH]1|C[OH:5]|C[OH:6]|6_octahedral
128	39	1Zn_2MIm_2MImH_2MeOH	4	2	2	2	6	0	6_octahedral	4	[Zn+2]|Cc1ncc[n-:1]1|Cc1[n:2]cc[nH]1|Cc1ncc[n-:3]1|C[OH:4]|Cc1[n:5]cc[nH]1|C[OH:6]|6_octahedral
129	39	1Zn_2MIm_2MImH_2MeOH	4	2	2	2	6	0	6_octahedral	5	[Zn+2]|Cc1ncc[n-:1]1|C[OH:2]|Cc1ncc[n-:3]1|C[OH:4]|Cc1[n:5]cc[nH]1|Cc1[n:6]cc[nH]1|6_octahedral
130	40	1Zn_3MIm_1MImH_0MeOH	4	3	1	0	4	-1	4_tetrahedral	1	[Zn+2]|Cc1ncc[n-:1]1|Cc1ncc[n-:2]1|Cc1ncc[n-:3]1|Cc1[n:4]cc[nH]1|4_tetrahedral
131	41	1Zn_3MIm_1MImH_1MeOH	4	3	1	1	5	-1	5_square_pyramidal	1	[Zn+2]|Cc1ncc[n-:1]1|Cc1ncc[n-:2]1|Cc1ncc[n-:3]1|Cc1[n:4]cc[nH]1|C[OH:5]|5_square_pyramidal
132	41	1Zn_3MIm_1MImH_1MeOH	4	3	1	1	5	-1	5_square_pyramidal	2	[Zn+2]|Cc1ncc[n-:1]1|Cc1ncc[n-:2]1|Cc1ncc[n-:3]1|C[OH:4]|Cc1[n:5]cc[nH]1|5_square_pyramidal
133	41	1Zn_3MIm_1MImH_1MeOH	4	3	1	1	5	-1	5_square_pyramidal	3	[Zn+2]|Cc1ncc[n-:1]1|Cc1ncc[n-:2]1|Cc1[n:3]cc[nH]1|C[OH:4]|Cc1ncc[n-:5]1|5_square_pyramidal
134	41	1Zn_3MIm_1MImH_1MeOH	4	3	1	1	5	-1	5_square_pyramidal	4	[Zn+2]|Cc1ncc[n-:1]1|Cc1[n:2]cc[nH]1|Cc1ncc[n-:3]1|C[OH:4]|Cc1ncc[n-:5]1|5_square_pyramidal
135	41	1Zn_3MIm_1MImH_1MeOH	4	3	1	1	5	-1	5_trigonal_bipyramidal	5	[Zn+2]|Cc1ncc[n-:1]1|Cc1ncc[n-:2]1|Cc1ncc[n-:3]1|Cc1[n:4]cc[nH]1|C[OH:5]|5_trigonal_bipyramidal
136	41	1Zn_3MIm_1MImH_1MeOH	4	3	1	1	5	-1	5_trigonal_bipyramidal	6	[Zn+2]|Cc1ncc[n-:1]1|Cc1[n:2]cc[nH]1|Cc1ncc[n-:3]1|Cc1ncc[n-:4]1|C[OH:5]|5_trigonal_bipyramidal
137	41	1Zn_3MIm_1MImH_1MeOH	4	3	1	1	5	-1	5_trigonal_bipyramidal	7	[Zn+2]|Cc1ncc[n-:1]1|C[OH:2]|Cc1ncc[n-:3]1|Cc1ncc[n-:4]1|Cc1[n:5]cc[nH]1|5_trigonal_bipyramidal
138	41	1Zn_3MIm_1MImH_1MeOH	4	3	1	1	5	-1	5_trigonal_bipyramidal	8	[Zn+2]|Cc1[n:1]cc[nH]1|C[OH:2]|Cc1ncc[n-:3]1|Cc1ncc[n-:4]1|Cc1ncc[n-:5]1|5_trigonal_bipyramidal
139	42	1Zn_3MIm_1MImH_2MeOH	4	3	1	2	6	-1	6_octahedral	1	[Zn+2]|Cc1ncc[n-:1]1|Cc1ncc[n-:2]1|Cc1ncc[n-:3]1|Cc1[n:4]cc[nH]1|C[OH:5]|C[OH:6]|6_octahedral
140	42	1Zn_3MIm_1MImH_2MeOH	4	3	1	2	6	-1	6_octahedral	2	[Zn+2]|Cc1ncc[n-:1]1|Cc1ncc[n-:2]1|Cc1ncc[n-:3]1|C[OH:4]|Cc1[n:5]cc[nH]1|C[OH:6]|6_octahedral
141	42	1Zn_3MIm_1MImH_2MeOH	4	3	1	2	6	-1	6_octahedral	3	[Zn+2]|Cc1ncc[n-:1]1|Cc1[n:2]cc[nH]1|Cc1ncc[n-:3]1|C[OH:4]|Cc1ncc[n-:5]1|C[OH:6]|6_octahedral
142	43	1Zn_4MIm_0MImH_0MeOH	4	4	0	0	4	-2	4_tetrahedral	1	[Zn+2]|Cc1ncc[n-:1]1|Cc1ncc[n-:2]1|Cc1ncc[n-:3]1|Cc1ncc[n-:4]1|4_tetrahedral
143	44	1Zn_4MIm_0MImH_1MeOH	4	4	0	1	5	-2	5_square_pyramidal	1	[Zn+2]|Cc1ncc[n-:1]1|Cc1ncc[n-:2]1|Cc1ncc[n-:3]1|Cc1ncc[n-:4]1|C[OH:5]|5_square_pyramidal
144	44	1Zn_4MIm_0MImH_1MeOH	4	4	0	1	5	-2	5_square_pyramidal	2	[Zn+2]|Cc1ncc[n-:1]1|Cc1ncc[n-:2]1|Cc1ncc[n-:3]1|C[OH:4]|Cc1ncc[n-:5]1|5_square_pyramidal
145	44	1Zn_4MIm_0MImH_1MeOH	4	4	0	1	5	-2	5_trigonal_bipyramidal	3	[Zn+2]|Cc1ncc[n-:1]1|Cc1ncc[n-:2]1|Cc1ncc[n-:3]1|Cc1ncc[n-:4]1|C[OH:5]|5_trigonal_bipyramidal
146	44	1Zn_4MIm_0MImH_1MeOH	4	4	0	1	5	-2	5_trigonal_bipyramidal	4	[Zn+2]|Cc1ncc[n-:1]1|C[OH:2]|Cc1ncc[n-:3]1|Cc1ncc[n-:4]1|Cc1ncc[n-:5]1|5_trigonal_bipyramidal
147	45	1Zn_4MIm_0MImH_2MeOH	4	4	0	2	6	-2	6_octahedral	1	[Zn+2]|Cc1ncc[n-:1]1|Cc1ncc[n-:2]1|Cc1ncc[n-:3]1|Cc1ncc[n-:4]1|C[OH:5]|C[OH:6]|6_octahedral
148	45	1Zn_4MIm_0MImH_2MeOH	4	4	0	2	6	-2	6_octahedral	2	[Zn+2]|Cc1ncc[n-:1]1|Cc1ncc[n-:2]1|Cc1ncc[n-:3]1|C[OH:4]|Cc1ncc[n-:5]1|C[OH:6]|6_octahedral
149	46	1Zn_0MIm_5MImH_0MeOH	5	0	5	0	5	2	5_square_pyramidal	1	[Zn+2]|Cc1[n:1]cc[nH]1|Cc1[n:2]cc[nH]1|Cc1[n:3]cc[nH]1|Cc1[n:4]cc[nH]1|Cc1[n:5]cc[nH]1|5_square_pyramidal
150	46	1Zn_0MIm_5MImH_0MeOH	5	0	5	0	5	2	5_trigonal_bipyramidal	2	[Zn+2]|Cc1[n:1]cc[nH]1|Cc1[n:2]cc[nH]1|Cc1[n:3]cc[nH]1|Cc1[n:4]cc[nH]1|Cc1[n:5]cc[nH]1|5_trigonal_bipyramidal
151	47	1Zn_0MIm_5MImH_1MeOH	5	0	5	1	6	2	6_octahedral	1	[Zn+2]|Cc1[n:1]cc[nH]1|Cc1[n:2]cc[nH]1|Cc1[n:3]cc[nH]1|Cc1[n:4]cc[nH]1|Cc1[n:5]cc[nH]1|C[OH:6]|6_octahedral
152	48	1Zn_1MIm_4MImH_0MeOH	5	1	4	0	5	1	5_square_pyramidal	1	[Zn+2]|Cc1ncc[n-:1]1|Cc1[n:2]cc[nH]1|Cc1[n:3]cc[nH]1|Cc1[n:4]cc[nH]1|Cc1[n:5]cc[nH]1|5_square_pyramidal
153	48	1Zn_1MIm_4MImH_0MeOH	5	1	4	0	5	1	5_square_pyramidal	2	[Zn+2]|Cc1[n:1]cc[nH]1|Cc1[n:2]cc[nH]1|Cc1[n:3]cc[nH]1|Cc1[n:4]cc[nH]1|Cc1ncc[n-:5]1|5_square_pyramidal
154	48	1Zn_1MIm_4MImH_0MeOH	5	1	4	0	5	1	5_trigonal_bipyramidal	3	[Zn+2]|Cc1ncc[n-:1]1|Cc1[n:2]cc[nH]1|Cc1[n:3]cc[nH]1|Cc1[n:4]cc[nH]1|Cc1[n:5]cc[nH]1|5_trigonal_bipyramidal
155	48	1Zn_1MIm_4MImH_0MeOH	5	1	4	0	5	1	5_trigonal_bipyramidal	4	[Zn+2]|Cc1[n:1]cc[nH]1|Cc1[n:2]cc[nH]1|Cc1ncc[n-:3]1|Cc1[n:4]cc[nH]1|Cc1[n:5]cc[nH]1|5_trigonal_bipyramidal
156	49	1Zn_1MIm_4MImH_1MeOH	5	1	4	1	6	1	6_octahedral	1	[Zn+2]|Cc1ncc[n-:1]1|Cc1[n:2]cc[nH]1|Cc1[n:3]cc[nH]1|Cc1[n:4]cc[nH]1|Cc1[n:5]cc[nH]1|C[OH:6]|6_octahedral
157	49	1Zn_1MIm_4MImH_1MeOH	5	1	4	1	6	1	6_octahedral	2	[Zn+2]|Cc1ncc[n-:1]1|C[OH:2]|Cc1[n:3]cc[nH]1|Cc1[n:4]cc[nH]1|Cc1[n:5]cc[nH]1|Cc1[n:6]cc[nH]1|6_octahedral
158	50	1Zn_2MIm_3MImH_0MeOH	5	2	3	0	5	0	5_square_pyramidal	1	[Zn+2]|Cc1ncc[n-:1]1|Cc1ncc[n-:2]1|Cc1[n:3]cc[nH]1|Cc1[n:4]cc[nH]1|Cc1[n:5]cc[nH]1|5_square_pyramidal
159	50	1Zn_2MIm_3MImH_0MeOH	5	2	3	0	5	0	5_square_pyramidal	2	[Zn+2]|Cc1ncc[n-:1]1|Cc1[n:2]cc[nH]1|Cc1ncc[n-:3]1|Cc1[n:4]cc[nH]1|Cc1[n:5]cc[nH]1|5_square_pyramidal
160	50	1Zn_2MIm_3MImH_0MeOH	5	2	3	0	5	0	5_square_pyramidal	3	[Zn+2]|Cc1ncc[n-:1]1|Cc1[n:2]cc[nH]1|Cc1[n:3]cc[nH]1|Cc1[n:4]cc[nH]1|Cc1ncc[n-:5]1|5_square_pyramidal
161	50	1Zn_2MIm_3MImH_0MeOH	5	2	3	0	5	0	5_trigonal_bipyramidal	4	[Zn+2]|Cc1ncc[n-:1]1|Cc1ncc[n-:2]1|Cc1[n:3]cc[nH]1|Cc1[n:4]cc[nH]1|Cc1[n:5]cc[nH]1|5_trigonal_bipyramidal
162	50	1Zn_2MIm_3MImH_0MeOH	5	2	3	0	5	0	5_trigonal_bipyramidal	5	[Zn+2]|Cc1ncc[n-:1]1|Cc1[n:2]cc[nH]1|Cc1ncc[n-:3]1|Cc1[n:4]cc[nH]1|Cc1[n:5]cc[nH]1|5_trigonal_bipyramidal
163	50	1Zn_2MIm_3MImH_0MeOH	5	2	3	0	5	0	5_trigonal_bipyramidal	6	[Zn+2]|Cc1[n:1]cc[nH]1|Cc1[n:2]cc[nH]1|Cc1ncc[n-:3]1|Cc1ncc[n-:4]1|Cc1[n:5]cc[nH]1|5_trigonal_bipyramidal
164	51	1Zn_2MIm_3MImH_1MeOH	5	2	3	1	6	0	6_octahedral	1	[Zn+2]|Cc1ncc[n-:1]1|Cc1ncc[n-:2]1|Cc1[n:3]cc[nH]1|Cc1[n:4]cc[nH]1|Cc1[n:5]cc[nH]1|C[OH:6]|6_octahedral
165	51	1Zn_2MIm_3MImH_1MeOH	5	2	3	1	6	0	6_octahedral	2	[Zn+2]|Cc1ncc[n-:1]1|Cc1[n:2]cc[nH]1|Cc1ncc[n-:3]1|Cc1[n:4]cc[nH]1|Cc1[n:5]cc[nH]1|C[OH:6]|6_octahedral
166	51	1Zn_2MIm_3MImH_1MeOH	5	2	3	1	6	0	6_octahedral	3	[Zn+2]|Cc1ncc[n-:1]1|Cc1[n:2]cc[nH]1|Cc1ncc[n-:3]1|C[OH:4]|Cc1[n:5]cc[nH]1|Cc1[n:6]cc[nH]1|6_octahedral
167	52	1Zn_3MIm_2MImH_0MeOH	5	3	2	0	5	-1	5_square_pyramidal	1	[Zn+2]|Cc1ncc[n-:1]1|Cc1ncc[n-:2]1|Cc1ncc[n-:3]1|Cc1[n:4]cc[nH]1|Cc1[n:5]cc[nH]1|5_square_pyramidal
168	52	1Zn_3MIm_2MImH_0MeOH	5	3	2	0	5	-1	5_square_pyramidal	2	[Zn+2]|Cc1ncc[n-:1]1|Cc1ncc[n-:2]1|Cc1[n:3]cc[nH]1|Cc1[n:4]cc[nH]1|Cc1ncc[n-:5]1|5_square_pyramidal
169	52	1Zn_3MIm_2MImH_0MeOH	5	3	2	0	5	-1	5_square_pyramidal	3	[Zn+2]|Cc1ncc[n-:1]1|Cc1[n:2]cc[nH]1|Cc1ncc[n-:3]1|Cc1[n:4]cc[nH]1|Cc1ncc[n-:5]1|5_square_pyramidal
170	52	1Zn_3MIm_2MImH_0MeOH	5	3	2	0	5	-1	5_trigonal_bipyramidal	4	[Zn+2]|Cc1ncc[n-:1]1|Cc1ncc[n-:2]1|Cc1ncc[n-:3]1|Cc1[n:4]cc[nH]1|Cc1[n:5]cc[nH]1|5_trigonal_bipyramidal
171	52	1Zn_3MIm_2MImH_0MeOH	5	3	2	0	5	-1	5_trigonal_bipyramidal	5	[Zn+2]|Cc1ncc[n-:1]1|Cc1[n:2]cc[nH]1|Cc1ncc[n-:3]1|Cc1ncc[n-:4]1|Cc1[n:5]cc[nH]1|5_trigonal_bipyramidal
172	52	1Zn_3MIm_2MImH_0MeOH	5	3	2	0	5	-1	5_trigonal_bipyramidal	6	[Zn+2]|Cc1[n:1]cc[nH]1|Cc1[n:2]cc[nH]1|Cc1ncc[n-:3]1|Cc1ncc[n-:4]1|Cc1ncc[n-:5]1|5_trigonal_bipyramidal
173	53	1Zn_3MIm_2MImH_1MeOH	5	3	2	1	6	-1	6_octahedral	1	[Zn+2]|Cc1ncc[n-:1]1|Cc1ncc[n-:2]1|Cc1ncc[n-:3]1|Cc1[n:4]cc[nH]1|Cc1[n:5]cc[nH]1|C[OH:6]|6_octahedral
174	53	1Zn_3MIm_2MImH_1MeOH	5	3	2	1	6	-1	6_octahedral	2	[Zn+2]|Cc1ncc[n-:1]1|Cc1ncc[n-:2]1|Cc1ncc[n-:3]1|C[OH:4]|Cc1[n:5]cc[nH]1|Cc1[n:6]cc[nH]1|6_octahedral
175	53	1Zn_3MIm_2MImH_1MeOH	5	3	2	1	6	-1	6_octahedral	3	[Zn+2]|Cc1ncc[n-:1]1|Cc1[n:2]cc[nH]1|Cc1ncc[n-:3]1|Cc1[n:4]cc[nH]1|Cc1ncc[n-:5]1|C[OH:6]|6_octahedral
176	54	1Zn_4MIm_1MImH_0MeOH	5	4	1	0	5	-2	5_square_pyramidal	1	[Zn+2]|Cc1ncc[n-:1]1|Cc1ncc[n-:2]1|Cc1ncc[n-:3]1|Cc1ncc[n-:4]1|Cc1[n:5]cc[nH]1|5_square_pyramidal
177	54	1Zn_4MIm_1MImH_0MeOH	5	4	1	0	5	-2	5_square_pyramidal	2	[Zn+2]|Cc1ncc[n-:1]1|Cc1ncc[n-:2]1|Cc1ncc[n-:3]1|Cc1[n:4]cc[nH]1|Cc1ncc[n-:5]1|5_square_pyramidal
178	54	1Zn_4MIm_1MImH_0MeOH	5	4	1	0	5	-2	5_trigonal_bipyramidal	3	[Zn+2]|Cc1ncc[n-:1]1|Cc1ncc[n-:2]1|Cc1ncc[n-:3]1|Cc1ncc[n-:4]1|Cc1[n:5]cc[nH]1|5_trigonal_bipyramidal
179	54	1Zn_4MIm_1MImH_0MeOH	5	4	1	0	5	-2	5_trigonal_bipyramidal	4	[Zn+2]|Cc1ncc[n-:1]1|Cc1[n:2]cc[nH]1|Cc1ncc[n-:3]1|Cc1ncc[n-:4]1|Cc1ncc[n-:5]1|5_trigonal_bipyramidal
180	55	1Zn_4MIm_1MImH_1MeOH	5	4	1	1	6	-2	6_octahedral	1	[Zn+2]|Cc1ncc[n-:1]1|Cc1ncc[n-:2]1|Cc1ncc[n-:3]1|Cc1ncc[n-:4]1|Cc1[n:5]cc[nH]1|C[OH:6]|6_octahedral
181	55	1Zn_4MIm_1MImH_1MeOH	5	4	1	1	6	-2	6_octahedral	2	[Zn+2]|Cc1ncc[n-:1]1|Cc1ncc[n-:2]1|Cc1ncc[n-:3]1|Cc1[n:4]cc[nH]1|Cc1ncc[n-:5]1|C[OH:6]|6_octahedral
182	56	1Zn_5MIm_0MImH_0MeOH	5	5	0	0	5	-3	5_square_pyramidal	1	[Zn+2]|Cc1ncc[n-:1]1|Cc1ncc[n-:2]1|Cc1ncc[n-:3]1|Cc1ncc[n-:4]1|Cc1ncc[n-:5]1|5_square_pyramidal
183	56	1Zn_5MIm_0MImH_0MeOH	5	5	0	0	5	-3	5_trigonal_bipyramidal	2	[Zn+2]|Cc1ncc[n-:1]1|Cc1ncc[n-:2]1|Cc1ncc[n-:3]1|Cc1ncc[n-:4]1|Cc1ncc[n-:5]1|5_trigonal_bipyramidal
184	57	1Zn_5MIm_0MImH_1MeOH	5	5	0	1	6	-3	6_octahedral	1	[Zn+2]|Cc1ncc[n-:1]1|Cc1ncc[n-:2]1|Cc1ncc[n-:3]1|Cc1ncc[n-:4]1|Cc1ncc[n-:5]1|C[OH:6]|6_octahedral
185	58	1Zn_0MIm_6MImH_0MeOH	6	0	6	0	6	2	6_octahedral	1	[Zn+2]|Cc1[n:1]cc[nH]1|Cc1[n:2]cc[nH]1|Cc1[n:3]cc[nH]1|Cc1[n:4]cc[nH]1|Cc1[n:5]cc[nH]1|Cc1[n:6]cc[nH]1|6_octahedral
186	59	1Zn_1MIm_5MImH_0MeOH	6	1	5	0	6	1	6_octahedral	1	[Zn+2]|Cc1ncc[n-:1]1|Cc1[n:2]cc[nH]1|Cc1[n:3]cc[nH]1|Cc1[n:4]cc[nH]1|Cc1[n:5]cc[nH]1|Cc1[n:6]cc[nH]1|6_octahedral
187	60	1Zn_2MIm_4MImH_0MeOH	6	2	4	0	6	0	6_octahedral	1	[Zn+2]|Cc1ncc[n-:1]1|Cc1ncc[n-:2]1|Cc1[n:3]cc[nH]1|Cc1[n:4]cc[nH]1|Cc1[n:5]cc[nH]1|Cc1[n:6]cc[nH]1|6_octahedral
188	60	1Zn_2MIm_4MImH_0MeOH	6	2	4	0	6	0	6_octahedral	2	[Zn+2]|Cc1ncc[n-:1]1|Cc1[n:2]cc[nH]1|Cc1ncc[n-:3]1|Cc1[n:4]cc[nH]1|Cc1[n:5]cc[nH]1|Cc1[n:6]cc[nH]1|6_octahedral
189	61	1Zn_3MIm_3MImH_0MeOH	6	3	3	0	6	-1	6_octahedral	1	[Zn+2]|Cc1ncc[n-:1]1|Cc1ncc[n-:2]1|Cc1ncc[n-:3]1|Cc1[n:4]cc[nH]1|Cc1[n:5]cc[nH]1|Cc1[n:6]cc[nH]1|6_octahedral
190	61	1Zn_3MIm_3MImH_0MeOH	6	3	3	0	6	-1	6_octahedral	2	[Zn+2]|Cc1ncc[n-:1]1|Cc1[n:2]cc[nH]1|Cc1ncc[n-:3]1|Cc1[n:4]cc[nH]1|Cc1ncc[n-:5]1|Cc1[n:6]cc[nH]1|6_octahedral
191	62	1Zn_4MIm_2MImH_0MeOH	6	4	2	0	6	-2	6_octahedral	1	[Zn+2]|Cc1ncc[n-:1]1|Cc1ncc[n-:2]1|Cc1ncc[n-:3]1|Cc1ncc[n-:4]1|Cc1[n:5]cc[nH]1|Cc1[n:6]cc[nH]1|6_octahedral
192	62	1Zn_4MIm_2MImH_0MeOH	6	4	2	0	6	-2	6_octahedral	2	[Zn+2]|Cc1ncc[n-:1]1|Cc1ncc[n-:2]1|Cc1ncc[n-:3]1|Cc1[n:4]cc[nH]1|Cc1ncc[n-:5]1|Cc1[n:6]cc[nH]1|6_octahedral
193	63	1Zn_5MIm_1MImH_0MeOH	6	5	1	0	6	-3	6_octahedral	1	[Zn+2]|Cc1ncc[n-:1]1|Cc1ncc[n-:2]1|Cc1ncc[n-:3]1|Cc1ncc[n-:4]1|Cc1ncc[n-:5]1|Cc1[n:6]cc[nH]1|6_octahedral
194	64	1Zn_6MIm_0MImH_0MeOH	6	6	0	0	6	-4	6_octahedral	1	[Zn+2]|Cc1ncc[n-:1]1|Cc1ncc[n-:2]1|Cc1ncc[n-:3]1|Cc1ncc[n-:4]1|Cc1ncc[n-:5]1|Cc1ncc[n-:6]1|6_octahedral
